a,ip
2,172.22.0.3
3,172.22.0.3
4,172.22.0.3
5,172.22.0.3
6,172.22.0.3
7,172.22.0.3
8,172.22.0.3
9,172.22.0.3
10,172.22.0.3
11,172.22.0.3
12,172.22.0.3
13,172.22.0.3
14,172.22.0.3
15,172.22.0.3
16,172.22.0.3
17,172.22.0.3
18,172.22.0.3
19,172.22.0.3
20,172.22.0.3
21,172.22.0.3
22,172.22.0.3
23,172.22.0.3
24,172.22.0.3
25,172.22.0.3
26,172.22.0.3
27,172.22.0.3
28,172.22.0.3
29,172.22.0.3
30,172.22.0.3
31,172.22.0.3
32,172.22.0.3
33,172.22.0.3
34,172.22.0.3
35,172.22.0.3
36,172.22.0.3
37,172.22.0.3
38,172.22.0.3
39,172.22.0.3
40,172.22.0.3
41,172.22.0.3
42,172.22.0.3
43,172.22.0.3
44,172.22.0.3
45,172.22.0.3
46,172.22.0.3
47,172.22.0.3
48,172.22.0.3
49,172.22.0.3
50,172.22.0.3
51,172.22.0.3
52,172.22.0.3
53,172.22.0.3
54,172.22.0.3
55,172.22.0.3
56,172.22.0.3
57,172.22.0.3
58,172.22.0.3
59,172.22.0.3
60,172.22.0.3
61,172.22.0.3
62,172.22.0.3
63,172.22.0.3
64,172.22.0.3
65,172.22.0.3
66,172.22.0.3
67,172.22.0.3
68,172.22.0.3
69,172.22.0.3
70,172.22.0.3
71,172.22.0.3
72,172.22.0.3
73,172.22.0.3
74,172.22.0.3
75,172.22.0.3
76,172.22.0.3
77,172.22.0.3
78,172.22.0.3
79,172.22.0.3
80,172.22.0.3
81,172.22.0.3
82,172.22.0.3
83,172.22.0.3
84,172.22.0.3
85,172.22.0.3
86,172.22.0.3
87,172.22.0.3
88,172.22.0.3
89,172.22.0.3
90,172.22.0.3
91,172.22.0.3
92,172.22.0.3
93,172.22.0.3
94,172.22.0.3
95,172.22.0.3
96,172.22.0.3
97,172.22.0.3
98,172.22.0.3
99,172.22.0.3
100,172.22.0.3
101,172.22.0.3
102,172.22.0.3
103,172.22.0.3
104,172.22.0.3
105,172.22.0.3
106,172.22.0.3
107,172.22.0.3
108,172.22.0.3
109,172.22.0.3
110,172.22.0.3
111,172.22.0.3
112,172.22.0.3
113,172.22.0.3
114,172.22.0.3
115,172.22.0.3
116,172.22.0.3
117,172.22.0.3
118,172.22.0.3
119,172.22.0.3
120,172.22.0.3
121,172.22.0.3
122,172.22.0.3
123,172.22.0.3
124,172.22.0.3
125,172.22.0.3
126,172.22.0.3
127,172.22.0.3
128,172.22.0.3
129,172.22.0.3
130,172.22.0.3
131,172.22.0.3
132,172.22.0.3
133,172.22.0.3
134,172.22.0.3
135,172.22.0.3
136,172.22.0.3
137,172.22.0.3
138,172.22.0.3
139,172.22.0.3
140,172.22.0.3
141,172.22.0.3
142,172.22.0.3
143,172.22.0.3
144,172.22.0.3
145,172.22.0.3
146,172.22.0.3
147,172.22.0.3
148,172.22.0.3
149,172.22.0.3
150,172.22.0.3
151,172.22.0.3
152,172.22.0.3
153,172.22.0.3
154,172.22.0.3
155,172.22.0.3
156,172.22.0.3
157,172.22.0.3
158,172.22.0.3
159,172.22.0.3
160,172.22.0.3
161,172.22.0.3
162,172.22.0.3
163,172.22.0.3
164,172.22.0.3
165,172.22.0.3
166,172.22.0.3
167,172.22.0.3
168,172.22.0.3
169,172.22.0.3
170,172.22.0.3
171,172.22.0.3
172,172.22.0.3
173,172.22.0.3
174,172.22.0.3
175,172.22.0.3
176,172.22.0.3
177,172.22.0.3
178,172.22.0.3
179,172.22.0.3
180,172.22.0.3
181,172.22.0.3
182,172.22.0.3
183,172.22.0.3
184,172.22.0.3
185,172.22.0.3
186,172.22.0.3
187,172.22.0.3
188,172.22.0.3
189,172.22.0.3
190,172.22.0.3
191,172.22.0.3
192,172.22.0.3
193,172.22.0.3
194,172.22.0.3
195,172.22.0.3
196,172.22.0.3
197,172.22.0.3
198,172.22.0.3
199,172.22.0.3
200,172.22.0.3
201,172.22.0.3
202,172.22.0.3
2,172.22.0.2
3,172.22.0.2
4,172.22.0.2
5,172.22.0.2
6,172.22.0.2
7,172.22.0.2
8,172.22.0.2
9,172.22.0.2
10,172.22.0.2
11,172.22.0.2
12,172.22.0.2
13,172.22.0.2
14,172.22.0.2
15,172.22.0.2
16,172.22.0.2
17,172.22.0.2
18,172.22.0.2
19,172.22.0.2
20,172.22.0.2
21,172.22.0.2
22,172.22.0.2
23,172.22.0.2
24,172.22.0.2
25,172.22.0.2
26,172.22.0.2
27,172.22.0.2
28,172.22.0.2
29,172.22.0.2
30,172.22.0.2
31,172.22.0.2
32,172.22.0.2
33,172.22.0.2
34,172.22.0.2
35,172.22.0.2
36,172.22.0.2
37,172.22.0.2
38,172.22.0.2
39,172.22.0.2
40,172.22.0.2
41,172.22.0.2
42,172.22.0.2
43,172.22.0.2
44,172.22.0.2
45,172.22.0.2
46,172.22.0.2
47,172.22.0.2
48,172.22.0.2
49,172.22.0.2
50,172.22.0.2
51,172.22.0.2
52,172.22.0.2
53,172.22.0.2
54,172.22.0.2
55,172.22.0.2
56,172.22.0.2
57,172.22.0.2
58,172.22.0.2
59,172.22.0.2
60,172.22.0.2
61,172.22.0.2
62,172.22.0.2
63,172.22.0.2
64,172.22.0.2
65,172.22.0.2
66,172.22.0.2
67,172.22.0.2
68,172.22.0.2
69,172.22.0.2
70,172.22.0.2
71,172.22.0.2
72,172.22.0.2
73,172.22.0.2
74,172.22.0.2
75,172.22.0.2
76,172.22.0.2
77,172.22.0.2
78,172.22.0.2
79,172.22.0.2
80,172.22.0.2
81,172.22.0.2
82,172.22.0.2
83,172.22.0.2
84,172.22.0.2
85,172.22.0.2
86,172.22.0.2
87,172.22.0.2
88,172.22.0.2
89,172.22.0.2
90,172.22.0.2
91,172.22.0.2
92,172.22.0.2
93,172.22.0.2
94,172.22.0.2
95,172.22.0.2
96,172.22.0.2
97,172.22.0.2
98,172.22.0.2
99,172.22.0.2
100,172.22.0.2
101,172.22.0.2
102,172.22.0.2
103,172.22.0.2
104,172.22.0.2
105,172.22.0.2
106,172.22.0.2
107,172.22.0.2
108,172.22.0.2
109,172.22.0.2
110,172.22.0.2
111,172.22.0.2
112,172.22.0.2
113,172.22.0.2
114,172.22.0.2
115,172.22.0.2
116,172.22.0.2
117,172.22.0.2
118,172.22.0.2
119,172.22.0.2
120,172.22.0.2
121,172.22.0.2
122,172.22.0.2
123,172.22.0.2
124,172.22.0.2
125,172.22.0.2
126,172.22.0.2
127,172.22.0.2
128,172.22.0.2
129,172.22.0.2
130,172.22.0.2
131,172.22.0.2
132,172.22.0.2
133,172.22.0.2
134,172.22.0.2
135,172.22.0.2
136,172.22.0.2
137,172.22.0.2
138,172.22.0.2
139,172.22.0.2
140,172.22.0.2
141,172.22.0.2
142,172.22.0.2
143,172.22.0.2
144,172.22.0.2
145,172.22.0.2
146,172.22.0.2
147,172.22.0.2
148,172.22.0.2
149,172.22.0.2
150,172.22.0.2
151,172.22.0.2
152,172.22.0.2
153,172.22.0.2
154,172.22.0.2
155,172.22.0.2
156,172.22.0.2
157,172.22.0.2
158,172.22.0.2
159,172.22.0.2
160,172.22.0.2
161,172.22.0.2
162,172.22.0.2
163,172.22.0.2
164,172.22.0.2
165,172.22.0.2
166,172.22.0.2
167,172.22.0.2
168,172.22.0.2
169,172.22.0.2
170,172.22.0.2
171,172.22.0.2
172,172.22.0.2
173,172.22.0.2
174,172.22.0.2
175,172.22.0.2
176,172.22.0.2
177,172.22.0.2
178,172.22.0.2
179,172.22.0.2
180,172.22.0.2
181,172.22.0.2
182,172.22.0.2
183,172.22.0.2
184,172.22.0.2
185,172.22.0.2
186,172.22.0.2
187,172.22.0.2
188,172.22.0.2
189,172.22.0.2
190,172.22.0.2
191,172.22.0.2
192,172.22.0.2
193,172.22.0.2
194,172.22.0.2
195,172.22.0.2
196,172.22.0.2
197,172.22.0.2
198,172.22.0.2
199,172.22.0.2
200,172.22.0.2
201,172.22.0.2
202,172.22.0.2
2,172.22.0.4
3,172.22.0.4
4,172.22.0.4
5,172.22.0.4
6,172.22.0.4
7,172.22.0.4
8,172.22.0.4
9,172.22.0.4
10,172.22.0.4
11,172.22.0.4
12,172.22.0.4
13,172.22.0.4
14,172.22.0.4
15,172.22.0.4
16,172.22.0.4
17,172.22.0.4
18,172.22.0.4
19,172.22.0.4
20,172.22.0.4
21,172.22.0.4
22,172.22.0.4
23,172.22.0.4
24,172.22.0.4
25,172.22.0.4
26,172.22.0.4
27,172.22.0.4
28,172.22.0.4
29,172.22.0.4
30,172.22.0.4
31,172.22.0.4
32,172.22.0.4
33,172.22.0.4
34,172.22.0.4
35,172.22.0.4
36,172.22.0.4
37,172.22.0.4
38,172.22.0.4
39,172.22.0.4
40,172.22.0.4
41,172.22.0.4
42,172.22.0.4
43,172.22.0.4
44,172.22.0.4
45,172.22.0.4
46,172.22.0.4
47,172.22.0.4
48,172.22.0.4
49,172.22.0.4
50,172.22.0.4
51,172.22.0.4
52,172.22.0.4
53,172.22.0.4
54,172.22.0.4
55,172.22.0.4
56,172.22.0.4
57,172.22.0.4
58,172.22.0.4
59,172.22.0.4
60,172.22.0.4
61,172.22.0.4
62,172.22.0.4
63,172.22.0.4
64,172.22.0.4
65,172.22.0.4
66,172.22.0.4
67,172.22.0.4
68,172.22.0.4
69,172.22.0.4
70,172.22.0.4
71,172.22.0.4
72,172.22.0.4
73,172.22.0.4
74,172.22.0.4
75,172.22.0.4
76,172.22.0.4
77,172.22.0.4
78,172.22.0.4
79,172.22.0.4
80,172.22.0.4
81,172.22.0.4
82,172.22.0.4
83,172.22.0.4
84,172.22.0.4
85,172.22.0.4
86,172.22.0.4
87,172.22.0.4
88,172.22.0.4
89,172.22.0.4
90,172.22.0.4
91,172.22.0.4
92,172.22.0.4
93,172.22.0.4
94,172.22.0.4
95,172.22.0.4
96,172.22.0.4
97,172.22.0.4
98,172.22.0.4
99,172.22.0.4
100,172.22.0.4
101,172.22.0.4
102,172.22.0.4
103,172.22.0.4
104,172.22.0.4
105,172.22.0.4
106,172.22.0.4
107,172.22.0.4
108,172.22.0.4
109,172.22.0.4
110,172.22.0.4
111,172.22.0.4
112,172.22.0.4
113,172.22.0.4
114,172.22.0.4
115,172.22.0.4
116,172.22.0.4
117,172.22.0.4
118,172.22.0.4
119,172.22.0.4
120,172.22.0.4
121,172.22.0.4
122,172.22.0.4
123,172.22.0.4
124,172.22.0.4
125,172.22.0.4
126,172.22.0.4
127,172.22.0.4
128,172.22.0.4
129,172.22.0.4
130,172.22.0.4
131,172.22.0.4
132,172.22.0.4
133,172.22.0.4
134,172.22.0.4
135,172.22.0.4
136,172.22.0.4
137,172.22.0.4
138,172.22.0.4
139,172.22.0.4
140,172.22.0.4
141,172.22.0.4
142,172.22.0.4
143,172.22.0.4
144,172.22.0.4
145,172.22.0.4
146,172.22.0.4
147,172.22.0.4
148,172.22.0.4
149,172.22.0.4
150,172.22.0.4
151,172.22.0.4
152,172.22.0.4
153,172.22.0.4
154,172.22.0.4
155,172.22.0.4
156,172.22.0.4
157,172.22.0.4
158,172.22.0.4
159,172.22.0.4
160,172.22.0.4
161,172.22.0.4
162,172.22.0.4
163,172.22.0.4
164,172.22.0.4
165,172.22.0.4
166,172.22.0.4
167,172.22.0.4
168,172.22.0.4
169,172.22.0.4
170,172.22.0.4
171,172.22.0.4
172,172.22.0.4
173,172.22.0.4
174,172.22.0.4
175,172.22.0.4
176,172.22.0.4
177,172.22.0.4
178,172.22.0.4
179,172.22.0.4
180,172.22.0.4
181,172.22.0.4
182,172.22.0.4
183,172.22.0.4
184,172.22.0.4
185,172.22.0.4
186,172.22.0.4
187,172.22.0.4
188,172.22.0.4
189,172.22.0.4
190,172.22.0.4
191,172.22.0.4
192,172.22.0.4
193,172.22.0.4
194,172.22.0.4
195,172.22.0.4
196,172.22.0.4
197,172.22.0.4
198,172.22.0.4
199,172.22.0.4
200,172.22.0.4
2,172.22.0.2
3,172.22.0.2
4,172.22.0.2
5,172.22.0.2
6,172.22.0.2
7,172.22.0.2
8,172.22.0.2
9,172.22.0.2
10,172.22.0.2
11,172.22.0.2
12,172.22.0.2
13,172.22.0.2
14,172.22.0.2
15,172.22.0.2
16,172.22.0.2
17,172.22.0.2
18,172.22.0.2
19,172.22.0.2
20,172.22.0.2
21,172.22.0.2
22,172.22.0.2
23,172.22.0.2
24,172.22.0.2
25,172.22.0.2
26,172.22.0.2
27,172.22.0.2
28,172.22.0.2
29,172.22.0.2
30,172.22.0.2
31,172.22.0.2
32,172.22.0.2
33,172.22.0.2
34,172.22.0.2
35,172.22.0.2
36,172.22.0.2
37,172.22.0.2
38,172.22.0.2
39,172.22.0.2
40,172.22.0.2
41,172.22.0.2
42,172.22.0.2
43,172.22.0.2
44,172.22.0.2
45,172.22.0.2
46,172.22.0.2
47,172.22.0.2
48,172.22.0.2
49,172.22.0.2
50,172.22.0.2
51,172.22.0.2
52,172.22.0.2
53,172.22.0.2
54,172.22.0.2
55,172.22.0.2
56,172.22.0.2
57,172.22.0.2
58,172.22.0.2
59,172.22.0.2
60,172.22.0.2
61,172.22.0.2
62,172.22.0.2
63,172.22.0.2
64,172.22.0.2
65,172.22.0.2
66,172.22.0.2
67,172.22.0.2
68,172.22.0.2
69,172.22.0.2
70,172.22.0.2
71,172.22.0.2
72,172.22.0.2
73,172.22.0.2
74,172.22.0.2
75,172.22.0.2
76,172.22.0.2
77,172.22.0.2
78,172.22.0.2
79,172.22.0.2
80,172.22.0.2
81,172.22.0.2
82,172.22.0.2
83,172.22.0.2
84,172.22.0.2
85,172.22.0.2
86,172.22.0.2
87,172.22.0.2
88,172.22.0.2
89,172.22.0.2
90,172.22.0.2
91,172.22.0.2
92,172.22.0.2
93,172.22.0.2
94,172.22.0.2
95,172.22.0.2
96,172.22.0.2
97,172.22.0.2
98,172.22.0.2
99,172.22.0.2
100,172.22.0.2
101,172.22.0.2
102,172.22.0.2
103,172.22.0.2
104,172.22.0.2
105,172.22.0.2
106,172.22.0.2
107,172.22.0.2
108,172.22.0.2
109,172.22.0.2
110,172.22.0.2
111,172.22.0.2
112,172.22.0.2
113,172.22.0.2
114,172.22.0.2
115,172.22.0.2
116,172.22.0.2
117,172.22.0.2
118,172.22.0.2
119,172.22.0.2
120,172.22.0.2
121,172.22.0.2
122,172.22.0.2
123,172.22.0.2
124,172.22.0.2
125,172.22.0.2
126,172.22.0.2
127,172.22.0.2
128,172.22.0.2
129,172.22.0.2
130,172.22.0.2
131,172.22.0.2
132,172.22.0.2
133,172.22.0.2
134,172.22.0.2
135,172.22.0.2
136,172.22.0.2
137,172.22.0.2
138,172.22.0.2
139,172.22.0.2
140,172.22.0.2
141,172.22.0.2
142,172.22.0.2
143,172.22.0.2
144,172.22.0.2
145,172.22.0.2
146,172.22.0.2
147,172.22.0.2
148,172.22.0.2
149,172.22.0.2
150,172.22.0.2
151,172.22.0.2
152,172.22.0.2
153,172.22.0.2
154,172.22.0.2
155,172.22.0.2
156,172.22.0.2
157,172.22.0.2
158,172.22.0.2
159,172.22.0.2
160,172.22.0.2
161,172.22.0.2
162,172.22.0.2
163,172.22.0.2
164,172.22.0.2
165,172.22.0.2
166,172.22.0.2
167,172.22.0.2
168,172.22.0.2
169,172.22.0.2
170,172.22.0.2
171,172.22.0.2
172,172.22.0.2
173,172.22.0.2
174,172.22.0.2
175,172.22.0.2
176,172.22.0.2
177,172.22.0.2
178,172.22.0.2
179,172.22.0.2
180,172.22.0.2
181,172.22.0.2
182,172.22.0.2
183,172.22.0.2
184,172.22.0.2
185,172.22.0.2
186,172.22.0.2
187,172.22.0.2
188,172.22.0.2
189,172.22.0.2
190,172.22.0.2
191,172.22.0.2
192,172.22.0.2
193,172.22.0.2
194,172.22.0.2
195,172.22.0.2
196,172.22.0.2
197,172.22.0.2
198,172.22.0.2
199,172.22.0.2
2,172.22.0.2
3,172.22.0.2
4,172.22.0.2
5,172.22.0.2
6,172.22.0.2
7,172.22.0.2
8,172.22.0.2
9,172.22.0.2
10,172.22.0.2
11,172.22.0.2
12,172.22.0.2
13,172.22.0.2
14,172.22.0.2
15,172.22.0.2
16,172.22.0.2
17,172.22.0.2
18,172.22.0.2
19,172.22.0.2
20,172.22.0.2
21,172.22.0.2
22,172.22.0.2
23,172.22.0.2
24,172.22.0.2
25,172.22.0.2
26,172.22.0.2
27,172.22.0.2
28,172.22.0.2
29,172.22.0.2
30,172.22.0.2
31,172.22.0.2
32,172.22.0.2
33,172.22.0.2
34,172.22.0.2
35,172.22.0.2
36,172.22.0.2
37,172.22.0.2
38,172.22.0.2
39,172.22.0.2
40,172.22.0.2
41,172.22.0.2
42,172.22.0.2
43,172.22.0.2
44,172.22.0.2
45,172.22.0.2
46,172.22.0.2
47,172.22.0.2
48,172.22.0.2
49,172.22.0.2
50,172.22.0.2
51,172.22.0.2
52,172.22.0.2
53,172.22.0.2
54,172.22.0.2
55,172.22.0.2
56,172.22.0.2
57,172.22.0.2
58,172.22.0.2
59,172.22.0.2
60,172.22.0.2
61,172.22.0.2
62,172.22.0.2
63,172.22.0.2
64,172.22.0.2
65,172.22.0.2
66,172.22.0.2
67,172.22.0.2
68,172.22.0.2
69,172.22.0.2
70,172.22.0.2
71,172.22.0.2
72,172.22.0.2
73,172.22.0.2
74,172.22.0.2
75,172.22.0.2
76,172.22.0.2
77,172.22.0.2
78,172.22.0.2
79,172.22.0.2
80,172.22.0.2
81,172.22.0.2
82,172.22.0.2
83,172.22.0.2
84,172.22.0.2
85,172.22.0.2
86,172.22.0.2
87,172.22.0.2
88,172.22.0.2
89,172.22.0.2
90,172.22.0.2
91,172.22.0.2
92,172.22.0.2
93,172.22.0.2
94,172.22.0.2
95,172.22.0.2
96,172.22.0.2
97,172.22.0.2
98,172.22.0.2
99,172.22.0.2
100,172.22.0.2
101,172.22.0.2
102,172.22.0.2
103,172.22.0.2
104,172.22.0.2
105,172.22.0.2
106,172.22.0.2
107,172.22.0.2
108,172.22.0.2
109,172.22.0.2
110,172.22.0.2
111,172.22.0.2
112,172.22.0.2
113,172.22.0.2
114,172.22.0.2
115,172.22.0.2
116,172.22.0.2
117,172.22.0.2
118,172.22.0.2
119,172.22.0.2
120,172.22.0.2
121,172.22.0.2
122,172.22.0.2
123,172.22.0.2
124,172.22.0.2
125,172.22.0.2
126,172.22.0.2
127,172.22.0.2
128,172.22.0.2
129,172.22.0.2
130,172.22.0.2
131,172.22.0.2
132,172.22.0.2
133,172.22.0.2
134,172.22.0.2
135,172.22.0.2
136,172.22.0.2
137,172.22.0.2
138,172.22.0.2
139,172.22.0.2
140,172.22.0.2
141,172.22.0.2
142,172.22.0.2
143,172.22.0.2
144,172.22.0.2
145,172.22.0.2
146,172.22.0.2
147,172.22.0.2
148,172.22.0.2
149,172.22.0.2
150,172.22.0.2
151,172.22.0.2
152,172.22.0.2
153,172.22.0.2
154,172.22.0.2
155,172.22.0.2
156,172.22.0.2
157,172.22.0.2
158,172.22.0.2
159,172.22.0.2
160,172.22.0.2
161,172.22.0.2
162,172.22.0.2
163,172.22.0.2
164,172.22.0.2
165,172.22.0.2
166,172.22.0.2
167,172.22.0.2
168,172.22.0.2
169,172.22.0.2
170,172.22.0.2
171,172.22.0.2
172,172.22.0.2
173,172.22.0.2
174,172.22.0.2
175,172.22.0.2
176,172.22.0.2
177,172.22.0.2
178,172.22.0.2
179,172.22.0.2
180,172.22.0.2
181,172.22.0.2
182,172.22.0.2
183,172.22.0.2
184,172.22.0.2
185,172.22.0.2
186,172.22.0.2
187,172.22.0.2
188,172.22.0.2
189,172.22.0.2
190,172.22.0.2
191,172.22.0.2
192,172.22.0.2
193,172.22.0.2
194,172.22.0.2
195,172.22.0.2
196,172.22.0.2
197,172.22.0.2
198,172.22.0.2
199,172.22.0.2
200,172.22.0.2
201,172.22.0.2
202,172.22.0.2
